LEV,1
USD,1.76058
EUR,1.95583
GBP,2.49602
CHF,1.78549